Condition,N-Peaks Mean,N-Peaks Median,N-Peaks Var,Var-Div Dur Mean,Var-Div Dur Median,Var-Div Dur Var
Nominal (0),1430.75,1430.75,0.0,920.695091616158,0.0,2466822.878092083
Anomalous (1),0.0,0.0,0.0,39858.57868020305,3600.0,57183693096.45701
